INSERT INTO `addagroproducts` (`username`, `email`, `pid`, `productname`, `productdesc`, `price`) VALUES
('agriexpert1', 'agriexpert1@gmail.com', 1, 'Organic Wheat', 'High-quality organic wheat harvested from pesticide-free fields.', '1 kg - ₹450'),
('poultryfarmers', 'poultryfarmers@gmail.com', 2, 'Farm-Fresh Eggs', 'Fresh and nutritious eggs from free-range chickens.', '12 eggs - ₹60'),
('milkman123', 'milkman123@gmail.com', 3, 'Goat Milk', 'Pure and fresh goat milk, rich in nutrients and proteins.', '500 ml - ₹200'),
('dairyfarms', 'dairyfarms@gmail.com', 4, 'Cow Milk', 'Farm-fresh cow milk, pasteurized and free from additives.', '1 liter - ₹120'),
('farmerlife', 'farmerlife@gmail.com', 5, 'Buffalo Milk', 'Naturally sourced buffalo milk with high cream content.', '1 liter - ₹150'),
('plantnursery', 'plantnursery@gmail.com', 6, 'Fruit Saplings', 'Healthy saplings of various fruit trees for home gardens or farms.', '1 sapling - ₹80'),
('indianveggies', 'indianveggies@gmail.com', 7, 'Organic Tomatoes', 'Locally grown organic tomatoes, rich in flavor and nutrients.', '1 kg - ₹40'),
('greenfieldfarm', 'greenfieldfarm@gmail.com', 8, 'Fresh Spinach', 'Nourishing and pesticide-free spinach, handpicked from the farm.', '500g - ₹30'),
('spicegrove', 'spicegrove@gmail.com', 9, 'Aromatic Spices Set', 'Assorted pack of aromatic Indian spices for culinary use.', '250g - ₹150'),
('flowercultivator', 'flowercultivator@gmail.com', 10, 'Marigold Flowers', 'Freshly plucked marigold flowers, ideal for religious ceremonies.', '25 flowers - ₹25'),
('honeyharvesters', 'honeyharvesters@gmail.com', 11, 'Pure Honey', 'Raw and unprocessed honey, collected from local bee farms.', '500g - ₹180'),
('ricefarmers', 'ricefarmers@gmail.com', 12, 'Basmati Rice', 'Premium quality Basmati rice grains, known for their aroma.', '1 kg - ₹500'),
('organicgrains', 'organicgrains@gmail.com', 13, 'Quinoa', 'Nutritious and gluten-free quinoa grains, perfect for a healthy diet.', '500g - ₹350'),
('freshveggieshub', 'freshveggieshub@gmail.com', 14, 'Green Capsicum', 'Fresh and crunchy green capsicums grown using organic methods.', '500g - ₹60'),
('tealeafplanters', 'tealeafplanters@gmail.com', 15, 'Assam Tea Leaves', 'High-quality Assam tea leaves, perfect for a refreshing cup of tea.', '250g - ₹250'),
('spicychillies', 'spicychillies@gmail.com', 16, 'Red Chillies', 'Sun-dried spicy red chillies, essential for Indian cooking.', '100g - ₹45'),
('organicfarmerindia', 'organicfarmerindia@gmail.com', 17, 'Healthy Millets Mix', 'A mix of nutrient-rich millets for a balanced diet.', '1 kg - ₹180'),
('herbsharvest', 'herbsharvest@gmail.com', 18, 'Fresh Coriander', 'Fragrant and fresh coriander leaves, essential in Indian cuisine.', '50g - ₹20'),
('nutrientrichfarms', 'nutrientrichfarms@gmail.com', 19, 'Chickpeas', 'High-protein and fiber-rich chickpeas for healthy meals.', '1 kg - ₹90'),
('tumericgrowers', 'tumericgrowers@gmail.com', 20, 'Turmeric Powder', 'Ground turmeric powder, known for its medicinal properties.', '250g - ₹70'),
('mangoorchards', 'mangoorchards@gmail.com', 21, 'Alphonso Mangoes', 'Juicy and flavorful Alphonso mangoes, a summer delight.', '1 dozen - ₹80'),
('cashewplantations', 'cashewplantations@gmail.com', 22, 'Cashew Nuts', 'Premium-quality cashew nuts, handpicked and processed.', '250g - ₹300'),
('bengalifarmfresh', 'bengalifarmfresh@gmail.com', 23, 'Bengal Gram', 'Fresh Bengal gram, ideal for Indian culinary preparations.', '1 kg - ₹120'),
('localvegetablevendor', 'localvegetablevendor@gmail.com', 24, 'Potatoes', 'Locally sourced and fresh potatoes for various cooking needs.', '1 kg - ₹30'),
('grapevineyard', 'grapevineyard@gmail.com', 25, 'Seedless Grapes', 'Sweet and seedless grapes, perfect for snacking or desserts.', '500g - ₹100'),
('artisanalcheesery', 'artisanalcheesery@gmail.com', 26, 'Artisanal Cheese Set', 'Assorted set of artisanal cheeses for gourmet experiences.', '500g - ₹350'),
('localmeatshop', 'localmeatshop@gmail.com', 27, 'Fresh Lamb Meat', 'Tender and fresh lamb meat, sourced from local farms.', '1 kg - ₹400'),
('fisherydock', 'fisherydock@gmail.com', 28, 'Fresh Water Fish', 'Freshly caught local fish from freshwater sources.', '500g - ₹250'),
('poultryzone', 'poultryzone@gmail.com', 29, 'Dressed Chicken', 'Freshly dressed and cleaned chicken for cooking purposes.', '1 kg - ₹180'),
('dairyproductsindia', 'dairyproductsindia@gmail.com', 30, 'Butter', 'Homemade butter churned from farm-fresh cow milk.', '500g - ₹120'),
('poultryfarmers', 'poultryfarmers@gmail.com', 34, 'Broiler Eggs', 'Fresh and nutritious eggs from Extraordinarily nurtured Broiler Species.', '12 eggs - ₹80');


INSERT INTO `farming` (`fid`, `farmingtype`) VALUES
(1, 'Seed Farming'),
(2, 'Cocoon Farming'),
(3, 'Silk Farming'),
(4, 'Goat Farming'),
(5, 'Cow Farming'),
(6, 'Buffalo Farming'),
(7, 'Sapling Cultivation'),
(8, 'Tomato Farming'),
(9, 'Spinach Farming'),
(10, 'Spice Cultivation'),
(11, 'Flower Cultivation'),
(12, 'Honey Harvesting'),
(13, 'Rice Farming'),
(14, 'Grain Cultivation'),
(15, 'Capsicum Farming'),
(16, 'Tea Leaf Cultivation'),
(17, 'Chilli Farming'),
(18, 'Millets Farming'),
(19, 'Coriander Farming'),
(20, 'Chickpea Farming'),
(21, 'Turmeric Farming'),
(22, 'Mango Orchard'),
(23, 'Cashew Plantation'),
(24, 'Bengal Gram Farming'),
(25, 'Potato Farming'),
(26, 'Grape Farming'),
(27, 'Cheese Production'),
(28, 'Lamb Farming'),
(29, 'Fishery'),
(30, 'Poultry Farming'),
(31, 'Butter Production');

INSERT INTO `register` (`rid`, `farmername`, `adharnumber`, `age`, `gender`, `phonenumber`, `address`, `farming`) VALUES
(1, 'agriexpert1', '123456789012', 35, 'Male', '9876543210', 'Address 1', 'Crop Cultivation'),
(2, 'poultryfarmers', '234567890123', 28, 'Female', '8765432109', 'Address 2', 'Poultry Farming'),
(3, 'milkman123', '345678901234', 40, 'Male', '7654321098', 'Address 3', 'Dairy Farming'),
(4, 'dairyfarms', '456789012345', 32, 'Female', '6543210987', 'Address 4', 'Dairy Farming'),
(5, 'farmerlife', '567890123456', 45, 'Male', '5432109876', 'Address 5', 'Dairy Farming'),
(6, 'plantnursery', '678901234567', 50, 'Female', '4321098765', 'Address 6', 'Horticulture'),
(7, 'indianveggies', '789012345678', 38, 'Male', '3210987654', 'Address 7', 'Crop Cultivation'),
(8, 'greenfieldfarm', '890123456789', 26, 'Female', '2109876543', 'Address 8', 'Crop Cultivation'),
(9, 'spicegrove', '901234567890', 31, 'Male', '1098765432', 'Address 9', 'Horticulture'),
(10, 'flowercultivator', '012345678901', 42, 'Female', '9876543210', 'Address 10', 'Horticulture'),
(11, 'honeyharvesters', '123456789012', 33, 'Male', '8765432109', 'Address 11', 'Apiculture'),
(12, 'ricefarmers', '234567890123', 29, 'Female', '7654321098', 'Address 12', 'Crop Cultivation'),
(13, 'organicgrains', '345678901234', 44, 'Male', '6543210987', 'Address 13', 'Organic Farming'),
(14, 'freshveggieshub', '456789012345', 36, 'Female', '5432109876', 'Address 14', 'Crop Cultivation'),
(15, 'tealeafplanters', '567890123456', 41, 'Male', '4321098765', 'Address 15', 'Horticulture'),
(16, 'spicychillies', '678901234567', 27, 'Female', '3210987654', 'Address 16', 'Crop Cultivation'),
(17, 'organicfarmerindia', '789012345678', 39, 'Male', '2109876543', 'Address 17', 'Organic Farming'),
(18, 'herbsharvest', '890123456789', 30, 'Female', '1098765432', 'Address 18', 'Horticulture'),
(19, 'nutrientrichfarms', '901234567890', 43, 'Male', '0987654321', 'Address 19', 'Crop Cultivation'),
(20, 'tumericgrowers', '012345678901', 34, 'Female', '9876543210', 'Address 20', 'Crop Cultivation'),
(21, 'mangoorchards', '123456789012', 37, 'Male', '8765432109', 'Address 21', 'Horticulture'),
(22, 'cashewplantations', '234567890123', 25, 'Female', '7654321098', 'Address 22', 'Agroforestry'),
(23, 'bengalifarmfresh', '345678901234', 48, 'Male', '6543210987', 'Address 23', 'Crop Cultivation'),
(24, 'localvegetablevendor', '456789012345', 31, 'Female', '5432109876', 'Address 24', 'Crop Cultivation'),
(25, 'grapevineyard', '567890123456', 46, 'Male', '4321098765', 'Address 25', 'Horticulture'),
(26, 'artisanalcheesery', '678901234567', 29, 'Female', '3210987654', 'Address 26', 'Dairy Farming'),
(27, 'localmeatshop', '789012345678', 35, 'Male', '2109876543', 'Address 27', 'Livestock Rearing'),
(28, 'fisherydock', '890123456789', 40, 'Female', '1098765432', 'Address 28', 'Aquaculture'),
(29, 'poultryzone', '901234567890', 33, 'Male', '0987654321', 'Address 29', 'Poultry Farming'),
(30, 'dairyproductsindia', '012345678901', 42, 'Female', '9876543210', 'Address 30', 'Dairy Farming');


